degree,alpha,mse,r2
1,0.0001,8.926400716925636,0.1438574430197895
1,0.001,8.926377262554036,0.143857273422387
1,0.01,8.926913491802454,0.14378170547649427
1,0.1,8.977273911308925,0.13888210918689747
2,0.0001,3.2383489790964286,0.6894074045915778
2,0.001,3.237224291878281,0.6895243353918552
2,0.01,3.2248156945349167,0.6908104377417943
2,0.1,3.380336308627573,0.6764694679161992
3,0.0001,1.1097015746310774,0.8929678834379756
3,0.001,1.0996675673745242,0.893977545946896
3,0.01,1.0802740513999254,0.8961161046001127
3,0.1,1.4342677945516555,0.862518667059737
4,0.0001,0.8131266810699634,0.9218213441617314
4,0.001,0.7478538158164468,0.9281121517444063
4,0.01,0.6463930316552906,0.9379068761798383
4,0.1,1.095669716965121,0.8950865379580827
5,0.0001,1.7384435854889773,0.8335565032148643
5,0.001,0.543376888025752,0.9474677415003122
5,0.01,0.3550259041674864,0.9657501348816245
5,0.1,0.852954223621476,0.9183626326687423
6,0.0001,3.312852695485596,0.6832689373325057
6,0.001,0.6105755293867897,0.9413055486492415
6,0.01,0.35776059368445345,0.9654983143454358
6,0.1,0.8584142552057029,0.9177942754922421
