x1,x2,x3,y
-0.75608159613727,0.11514444346032171,-0.6344883556710503,-0.5033242638617407
0.30859947421603384,1.0,0.18127885284169687,7.341555394307248
0.9940673611257314,0.21316710552222995,-0.7015254845133894,5.995172984327738
-1.0,-0.32356198172954076,-0.3268331506951483,-2.2294808726279793
0.7643388168861489,0.21807106822572364,-0.6230603182564467,2.0013604829630594
0.238037679431923,-0.8630187124012134,0.32911940069667556,0.8706218531722545
0.8990513628955472,0.5425579355311128,0.08249191428725644,4.632737829845266
-0.5344162445008918,-0.9169629324086317,0.8030062000082563,1.761653743118366
-0.44058636525423256,-0.5735964961003064,-0.3677913948943252,0.9233064225448225
-0.23296776986156975,-0.5852047049473847,-0.6557241103342162,0.4500260293339176
0.17659385028056906,-0.23179194994151442,0.8741987203821904,-1.1371664571175282
-0.4042685619955799,1.0,1.0,14.989549381057106
-0.9153443797382654,-0.348837621243693,0.48084960140622757,-0.7830921368765681
-0.9397954617330493,-0.30330696539103075,-0.6357099914540827,0.07785066902695875
-0.3388917831247895,0.5299397328234494,-1.0,-3.3717511669739757
-1.0,0.7580555575973893,-1.0,19.68776608731536
0.5565665083113922,-1.0,-0.8441019352646766,-11.529928324338712
0.12525472967699924,0.24596851894172023,0.7582577145644753,0.6315214991816328
-0.6304596794262096,0.19699253286266272,0.7125133802693531,-0.8227259598803885
-0.06728864909492271,-0.8904721962062057,0.8144943827121425,-0.9936762117146176
0.8453965047635463,0.7843719723250198,0.8979319987562062,11.75259965216573
1.0,-0.8333716768193187,1.0,-2.0790248176605832
-0.11665913759479607,-0.3228102309095682,0.8970912257005965,-0.0460033560223963
-1.0,1.0,0.12649850375960559,6.534841705900838
-0.1778669723302373,0.4828938757970891,0.8383751428577446,0.32260478385015556
-0.24499452253309761,-0.2267719988701995,0.39037395588059054,0.193471062847996
0.07892943875049707,-0.625781006453523,-0.863096992675203,-2.9589418403205117
-1.0,-0.41618353301521505,0.6246346813952388,1.029408744868711
0.6983279628266645,-0.5003385535908604,-0.48681488496420044,0.5635903665570381
0.6398115956307948,-0.8177040206395332,0.4560773512295271,0.28749984198611694
0.4324917572268254,1.0,-1.0,6.754790385361174
-0.01393322500062033,-1.0,0.4368306796707231,1.1360930593641059
-0.6390863802951994,-1.0,0.06352307179950945,5.285394836028085
0.33825657453416746,-0.5688936501844661,-1.0,-7.545862004737597
0.6405975352671189,0.5947018499486478,-0.23747728979762983,0.8658660405290144
0.30080102813187204,0.4837656033449851,-1.0,-2.6778197455683395
-0.34357856681437005,-0.9531155178546173,-0.107931988164361,4.509499700396903
0.10884611142718925,-1.0,-0.27175697674499166,1.8482601005547765
1.0,-0.5351364284091302,0.5954287863542507,4.510519512939572
0.5832365022098207,1.0,-0.8069780076807749,12.552630205767372
0.7835236203572091,-1.0,0.01410366438571442,-2.710618999746875
-0.1900099340061232,0.5041227009563445,-1.0,-3.712334977486927
-0.7937761598696875,-0.02473132069182049,-0.34153773103430707,-0.5275587227921668
1.0,1.0,-0.4270421576911918,18.848164999047395
-0.5548066598305743,0.06750232269961853,0.20449569544586876,-0.5948394093332027
0.015737765993493413,0.3683092813911879,1.0,2.806523372853288
0.5711217598488529,0.33800648257129384,1.0,3.130896087979154
-1.0,0.5923085430459005,1.0,6.048428550980581
0.16363847297372236,-1.0,1.0,-6.82015415601973
0.4200380891255604,0.5891016142378336,-1.0,-2.781110854670026
-0.8992728460574355,-0.2939110282932029,0.04066214553923153,-1.5480046926953772
0.14018800307855694,0.4857876864456028,-0.2991861023578273,0.20443408850941758
-0.8824019604437243,1.0,0.4425926806470628,1.8463775518252086
-0.30242439194690385,-1.0,-1.0,-14.22736978045546
0.25822400168038917,0.9813373209799794,-0.17437180926062656,7.607741415403014
-1.0,-0.781199162498682,-1.0,4.82626212441741
0.4634173657126175,-0.41608276344593165,0.003169822379224696,0.9682518946765462
-1.0,-1.0,0.6069799308354904,13.412528344081116
0.21992240849576872,-0.10709430234689843,0.03953622470395168,1.2962781675750144
-0.9564443972626477,-0.3656109793669544,-1.0,6.891650465445261
-0.5023763216076595,-0.4530200090682335,0.44496639991133624,0.7111810097813758
1.0,-0.15823340572813493,0.3670334760863576,5.340835314872741
-0.10310147916430523,0.07325904249295245,-1.0,-3.2511252207209598
1.0,-0.008820245548729844,1.0,11.561037136090953
0.9768894661326895,-0.029816612996617975,-0.6957592501738625,4.764416532897927
0.2370642317344256,0.37214292003506877,-0.013847087613051201,0.24870705588466435
0.12458673884505078,-0.8906616854777007,-1.0,-12.40447062182944
0.09288637269576694,-0.4870153914662205,-1.0,-6.218361288039787
0.30659664772600315,-0.37701743679180155,-0.46785998418709074,1.0705538113398787
-0.22796911948480325,0.0939353119045172,-0.22350761929800278,1.6400003470298123
1.0,-0.31802701754171037,1.0,7.763525294747808
-0.12200283468843054,0.6228667272246371,-0.5667245001459222,0.5974653756244721
0.36080576474192383,1.0,0.5114094111005358,7.1200645847553465
-1.0,-0.5571615525902316,0.33589423408279195,0.44969498580689987
0.21127734177141777,-0.12293979427444346,-0.3730250878411856,0.8208138779270956
0.16864548861151718,-0.5148198287754144,0.29643591349964304,1.5027105257539959
0.034408405953691545,0.8301253520784093,0.5063856170500545,2.761005105731928
1.0,-0.29587804966270403,0.139045315906154,3.9100471235782486
-0.7405295748491838,0.09844309220238023,1.0,1.546961973971106
-0.29625674233896393,-0.7822446568458266,-1.0,-7.666339448962652
0.0483792613552807,-0.8908367705292923,0.5083758662317981,0.9381548586551928
-0.13429163193865556,0.0333640189427471,0.2988232549714682,0.780281322089058
1.0,0.35753651877015713,1.0,20.44516323031362
0.4875167262009481,-0.4622413193780799,-1.0,-5.729405563261183
1.0,0.3607945475218455,0.4886690752109444,8.556881308486082
-0.1471671912257504,-0.2249831167235996,-0.3382177294639439,1.240145459792194
-1.0,-1.0,0.873971300809121,19.54662027763443
0.6051031866326331,-0.5439012096694626,-1.0,-7.418564649648035
-0.8332150169690049,0.0777157852310626,-0.5284527871901503,-0.588206666569252
0.44479527384049455,0.6587733604859334,-1.0,-3.222732322238931
-0.03568640680001778,0.17807027630787053,-1.0,-3.0622649576833973
-0.011183487666761582,0.12642350638672117,1.0,-0.05091726011101372
1.0,-0.11076465369769029,0.39901364412788554,5.355267219300742
-0.2861359879971095,0.3437529450268335,0.7016413891069218,0.20042395077999461
0.20623116609221936,0.9967000966762158,-1.0,4.669846837536225
-0.6618144697869055,-1.0,0.44404873853436566,5.147658039231416
0.943812291881934,-0.5094181678691858,0.13164366373744696,2.6973927814156284
-1.0,-1.0,0.1282934695061897,8.308738022489841
0.12194813066077148,0.5904776534782847,-0.7036272122128562,1.0889114493194185
0.3836867106051127,0.27536884748498114,-0.36026656926025113,1.2538464824686386
-0.03651585932030832,-0.4939425433417697,1.0,-1.8250457938909004
-1.0,-1.0,-0.25356683638577704,6.8673970534043125
1.0,0.3095928335831635,0.15339129436960008,6.936572833350339
-0.17768253346794394,-0.9600273762831144,-0.4637831166518469,0.8883727818833893
1.0,-0.6817698602861497,1.0,1.8648881464041545
0.38541770328367675,1.0,1.0,9.2032134480934
0.42087191138643054,0.12328223728912224,0.8512961322435675,-0.4476306561502945
-1.0,-0.2188269966112455,1.0,4.61501123595755
-1.0,-1.0,0.6769215143201119,15.640394597775241
1.0,-0.8244115747909471,-0.2545408695675855,0.5665296084033569
-0.8430678615030558,-0.12080885947213571,-0.8422515326480517,3.054323563710726
0.3964993749307262,0.1031112036951427,-0.10782708045567735,1.4639923644138504
-0.22496734148864084,1.0,0.5392994795819646,8.017859175985231
1.0,0.09046468069870839,0.3471095824619581,6.034964444666376
0.9816783373260032,0.5970504287305154,-0.6083807447238723,5.535586328811444
0.02281594701306644,-1.0,-1.0,-17.457819686233822
-0.9065375199092447,-1.0,-0.18539674111064808,7.579276581704878
0.9523597915690318,0.40930283209580076,-1.0,9.073483750826357
0.25016082889332925,-1.0,-0.5931227815360662,-2.7761271660658062
-0.9540506072994965,-0.1467340739761791,-0.7485818967029676,1.168150003897243
0.4389422148646165,-1.0,-0.9230913294155167,-15.325976317931296
-0.12527201306991054,-0.846588140892768,1.0,-3.245140250086472
-1.0,-0.8739794133792433,0.7234236591236078,11.226926854580396
-0.5069543921457951,-0.33513986063269163,-0.8615468324309177,0.1975583920057846
-0.7832522914504385,-0.1959124991732053,0.13401717750210507,-0.8192976095926252
-0.6462715423386243,-0.656494876621978,-0.21824791925611842,2.699678314728003
0.5773818633586727,-0.04289206176457183,0.15071642459916568,2.373949244930489
0.20916608396585978,1.0,0.08234474107700507,7.835149763408532
-1.0,0.33412485886789045,0.602609196665816,-3.8430522783103087
-0.10146488325832004,1.0,0.4950765975327369,7.331186724138044
0.4678175252260939,0.5035175832336876,-0.7345912074432894,0.6252392961573864
1.0,0.38667684332812,1.0,20.55589678473429
0.23354282136789828,0.2921399436490113,0.18301882440712003,1.1107756803818953
-0.45433714740611353,1.0,0.9106928759122639,12.690572372596904
0.8093932406944508,-0.3642477228588761,-0.2849894721072235,1.7429780496686602
0.0412172866435907,-0.7724177065005757,-1.0,-9.993396418313484
-1.0,-1.0,1.0,21.574445184126013
-0.5015071743142332,0.13262604377435783,0.37271116608058263,-0.5582431426579466
0.20026807431189764,1.0,-0.25753651656566956,9.428244854293574
1.0,-1.0,-0.9792206618094701,-27.915920376766433
0.8264325672842365,0.09570338601837247,-0.03443288426708735,1.8486915491603857
0.665291226589193,0.18694452098399683,-0.3884353037806858,0.9603381132490935
0.08013877999289698,-0.07336112499329306,0.28273928460844777,0.17924702085882577
-1.0,-0.007461171271628819,0.09628832736919768,-4.770464067635604
-1.0,-0.5393113766316819,0.7814342882272913,4.52552491275988
-0.6046801219655786,1.0,0.4609639539122987,4.768287635397172
-0.16771820217776168,0.03964184275089622,1.0,0.46079620399715787
0.21594481836586943,0.3979296533097607,1.0,1.6489382727321609
0.7329875812859261,0.17662569973373476,0.9434127358653033,3.072710833660846
-1.0,-1.0,0.2004721996252763,8.788114355181106
1.0,-1.0,0.16336836897234708,-7.73698830608568
-0.30621274572409196,0.7533957671345433,-1.0,-4.1935360562815855
-0.39327276620217444,1.0,-0.0485044687336329,5.96178529056716
-0.0063754966747819886,-0.4071358958860434,0.34773795535655205,0.4302541687112602
0.03737609798452812,-0.4479881646174029,-1.0,-4.866524394986549
1.0,0.7143952311573618,0.0263118573252199,9.194512836378053
0.9119576703927614,-0.27946372224014815,-0.46569838100409267,3.8401892468023004
-1.0,0.8143009025471453,1.0,12.277726224984379
0.3365278947600736,-1.0,-0.14253845612761706,0.6586504886538712
0.8052863205212994,0.12307192765875041,0.31266485911536823,2.541979703215759
-0.20750558902283078,-1.0,0.20951574587228672,2.51287069021172
0.24145094144060408,-0.513051466936294,0.17518093209149788,1.6123980230655766
-1.0,1.0,-0.698394697272448,13.351944394885814
-0.04678732455943191,-0.2669342530148304,-1.0,-4.1794245015327505
0.56717907755644,-1.0,-0.6443364669722287,-6.364358469597748
0.45299753531632514,0.7682396744119029,-0.37512243487534835,1.9288586787193056
0.23320929250040034,-0.5559300667286315,0.32690847276628743,0.9520341624566504
0.057759645851677366,-0.7418055982281122,1.0,-2.9541802266535533
-1.0,0.09702506731391303,0.044581705953423256,-4.579492786619483
-0.03259534579384571,-0.37968116194685453,-1.0,-4.652782835541909
0.6230795320986127,-0.09928261440308983,-0.34732134190228003,0.5615820961263945
1.0,-0.8614554994310546,-0.8384347825798473,-3.9299711464184948
1.0,0.45344574851912456,1.0,21.516342589273258
0.06334292086669624,0.35610288154247427,0.8841437837750756,1.111724850171994
-1.0,0.343034690136526,-0.23134443181616082,-2.5581364134673175
-0.7476170629378514,0.9439629741400815,0.09250093707352036,1.8374181594512877
-0.603542101665139,0.7200970808084672,0.2936817774173772,-1.1262260713945882
-1.0,-0.5967367133720525,0.1850706521939942,0.3852224218169859
1.0,1.0,0.1689461252767528,13.334267845623247
1.0,0.35633649749508356,-1.0,11.932554833161943
1.0,-0.06405186923883943,0.915683833635043,8.939037002663499
0.2738296365106059,0.8487005900560494,0.02370195945803566,2.782596095124053
1.0,0.7482277554217094,-1.0,17.252263583681422
0.04335914221484605,0.314330958895189,-0.2893469748620676,0.7251907060092764
0.20347133260274908,1.0,-0.19553808332939604,8.539472019118085
-0.5998253204869446,0.42817210375066606,-1.0,-1.6394646207856791
0.789077511729668,0.24021923585627447,0.35150488710406935,3.293317518002741
0.10793435699751597,-0.21667312440465936,-0.3138958556283724,0.15715399886598358
-0.3199921908647143,-1.0,0.11172614210099985,3.5103390572621147
0.4568529869525455,-0.7607727375950921,-0.33667109880526724,1.4561199238314373
0.8717785741333293,0.144965987537524,-1.0,2.4350541817410805
-0.8014725569167522,-0.820580320073921,1.0,7.315855022905391
0.5418891984386658,-1.0,1.0,-6.800219771947634
-0.4798086595713893,0.4833716125960317,-0.7382964205664415,-1.701023185914874
-0.563711449717309,-0.23356410576262965,-0.05549322057174155,-0.17510414995188744
1.0,-0.01943724575025696,-1.0,8.15028650002011
0.17644740369597356,1.0,0.008666301744784777,7.574035382783173
0.20464311994133788,0.5707970718011501,0.7499620428709131,1.9948659629396497
-0.5339647846588313,0.1044434384942543,0.6122088146475622,-1.1101254094985606
0.607989064216419,-0.6140142760945462,-0.7851405195129675,-1.1798587524966788
0.8917545118687928,-0.5693521152231067,1.0,-0.001525755811722429
1.0,0.8082881709519818,1.0,26.51448842299117
0.2632640317071844,-1.0,0.44091928545897696,1.1708050234836054
-0.3649861448780518,0.21421885781593186,0.14055044442135411,-0.3438631965682571
-1.0,1.0,-0.5101640482663927,12.08529487531478
0.2086651508011763,-1.0,-0.7621627418795112,-6.250760206315007
-0.6995544818081114,-0.1489937729975559,-0.0637966859781427,-0.2997309037395947
-0.1631731407101149,-0.0866365531737463,0.05175647442517861,0.5355411025069027
-0.4885293606465395,-1.0,-0.19508448411360346,3.5226411740877164
-0.09643857229806496,0.2858295267831519,0.5416591766010992,0.8340379591677353
1.0,-0.9845235770055787,-1.0,-26.4730003034245
-0.7447614449607578,1.0,-0.9608062998510769,1.6782795806285196
1.0,0.3266010458279447,0.12062046172932828,6.476676970453942
0.019798596824721626,0.12509235213443204,0.7931712080825157,0.26982607744509546
-0.4314216042937993,1.0,-0.09672348458386648,6.3357764005092445
-0.8524758912130463,-0.00953400485146294,0.13677682008460557,-2.136831232678753
-0.02571902607829979,-0.9745386809065211,0.18780810037725715,2.0292752863558814
0.13850711997909793,-0.47868409808230283,1.0,-1.97768800183328
0.7735380016597642,0.10712254387584164,-1.0,0.028977578185251193
-0.05289438587755124,0.5046215057619179,-1.0,-3.496045972104279
1.0,-0.6530936086794739,0.5292893333651567,3.6421184661437085
-0.6685503722315862,-0.9931434953195086,-0.15982328074362862,4.069996413508584
-0.3768846236776351,0.0023454823489570398,0.7759474249796909,-0.09297336109531812
1.0,0.16450718576940737,1.0,15.8120568214127
0.5197702998964189,0.35316727024485695,1.0,2.717238125540611
-1.0,1.0,-0.5447663198250492,12.579572907298804
-0.7467203530570772,0.23221672740008747,-0.08913094843571079,-2.0424470309175207
-1.0,0.23955427541982854,0.3913045564888664,-4.759042847629572
0.37890640175447565,1.0,0.2204828740341236,7.290816683339099
1.0,-0.19917458006426636,-0.005596972940464573,4.254056069784809
0.3342609913214518,0.19383356928879292,0.22462964595756962,0.8524315656229352
0.05263954910332047,-0.6953102709175583,-0.7854141088262447,-1.7164213254300607
-0.6137919406583086,0.9161655097425991,-0.3814746577180552,1.6915950322854176
-1.0,-0.8465911611171233,1.0,17.2043745830407
-0.42502259969675826,-0.3314362970634728,0.14393405800297887,-0.21115412139679646
-0.920970371430464,-0.500747126212018,1.0,6.600085603943717
-0.22355762482093655,-0.9319262587773487,-0.7937737016691435,-4.211443986522983
-0.22075867010493178,-1.0,-0.00724818454157683,3.512416725847436
0.043852741260890005,-0.15979236075477532,0.051565689856907904,0.9295301370004121
-0.8155452364452069,0.27742951198647603,1.0,2.6851617073983998
-0.02051367490867939,-0.058096582634302285,0.331115136062589,-0.47397414846608116
0.4362050019805359,0.34987845837220055,-0.4545519054231193,0.40995954011904834
-0.6508995288798676,-1.0,0.9889283966883835,0.7533941118136255
-0.08747316152184537,-0.22576919730091527,0.5108389721283662,1.2274056226907681
-0.30290617610954085,0.6471800629873001,0.5521098873575918,-0.5457610264755226
-1.0,0.0378087483837104,-0.67782720774478,0.0907660089811953
1.0,0.17871000515220303,0.7133760822987647,9.397351544599262
0.39085743849772414,-0.8513633012707549,0.2008684863065211,1.6394755733736432
-0.6970669957497801,1.0,0.5198915492426173,4.028754743628349
-0.385518758365587,-0.40080296233629054,-1.0,-4.246524968655286
0.47846376789774125,-0.3878628393162813,-0.705126879168239,0.2821728246060815
0.20840548726216013,0.10039703342280926,0.2290637658679875,1.13610245513533
0.09956317939350234,-0.3908721978344336,-0.3430401382666881,2.192460149864914
0.09689373767580567,0.6557651192721083,1.0,4.04865114181294
-0.6614940535612477,-0.3691797820119176,-0.1793446478206393,0.09314777823608605
-0.3562438140768964,1.0,-0.8824874556940008,4.407328032336111
0.32115197357654757,-0.7859365257164725,0.5740520617721543,0.5631924522395229
-1.0,0.3442824213376532,-0.304604095607683,-3.1086954547108436
0.5118024035573312,0.8512942051697321,1.0,8.095976727350942
-1.0,0.21420105561584357,0.3726462902962626,-3.9442141953537755
0.24492179542283443,-0.8906815784828284,1.0,-5.6816425453625925
0.8839449707765565,-1.0,1.0,-7.514413129870408
0.1553311414032783,-0.6635714920199245,0.33796181687616356,0.7378278415283752
-0.184264255315421,1.0,-0.1389735309159854,7.260683594955374
0.9265934921646253,0.8855808811047883,-0.07195200446151562,7.388916329511078
0.1916881059219302,-0.950023763982973,-0.08187004047264557,2.0855085395085835
-1.0,1.0,0.9647610039253303,13.924119505625065
0.3889187320541019,-0.09386913959181009,-1.0,-3.8369844521168774
0.10488065847054573,-0.21725229632999343,0.1892325926820002,0.23410040535529375
0.051873987428833424,-0.3172259366278176,-0.13579959539378006,1.46754733889279
-0.8195995053251377,0.9086121256252733,1.0,13.22780957359731
-0.3880405400074918,1.0,0.7271078688840471,8.99236267769847
-1.0,0.21335078008743324,0.03948247786547654,-5.1511236909702705
0.863672789054027,0.23265523088965745,-0.22957482292066,3.347018854496143
-0.212337944230659,-1.0,1.0,-5.895645119683906
-0.3935290090495831,0.13035976728607346,0.6176888127901927,-0.40268222039177387
0.6785802000207521,-0.8759408288561328,1.0,-4.643469684926811
1.0,1.0,0.31727825508716756,13.512511845091232
0.8327972671367847,1.0,-0.21959146410689168,10.451525267039761
-1.0,0.8736420968538914,0.791230395193075,1.0873851989541075
0.7053995495917669,-0.7825082067847384,0.19008684577309443,0.5172954211433272
-0.1201291589559712,0.25509864145062844,0.8727062337229348,0.34592094235305854
-0.40070770418034374,-0.5089196596075773,-1.0,-3.6745167030982726
0.4356726580449575,-0.23160274540316506,-0.20547317331373316,1.021821051069176
-1.0,1.0,-1.0,21.91274153266206
0.1361684248616004,-0.5904795192906656,0.2242487679440408,0.3156550263325383
-0.09242943278869076,0.6869180434243203,-0.04855542195140172,1.1101536161283305
-0.20020644622935535,0.15101068300992426,0.13559029632143527,0.09362008152104831
-0.22824574084309912,-1.0,-0.44598800310556475,1.589135958408003
-0.5845745617492357,-0.6261764617744696,-0.67536019415584,0.40797096678298683
-0.24667494251742994,0.3082881333118159,-0.29148755554896755,-0.08900088792669406
-0.09055444197734697,-0.20415414291148837,0.12728803754479157,0.4648263750772412
-0.9691147889426603,-0.8379925405631095,-0.19132959076520484,3.7271655469911438
-0.12345100328445446,-0.30790788548039627,-1.0,-4.279274304957369
-0.6031876418078879,0.4211222559658685,1.0,4.122998569492229
-1.0,-0.7192014348384408,-1.0,4.629991441244087
-0.3394436154832472,-0.01819646287340082,0.20952555844686405,-0.2813004566650963
0.18311759435920472,-0.863921295142249,0.12467661529080365,1.4846556471399754
-1.0,0.9005349997210725,0.4210795794621591,-0.5401867340269912
0.009088057170152375,0.1892732967734012,-0.8648441549632766,-0.5532411075017928
1.0,-0.2913053770275533,-0.9348321887132076,7.099085779493603
0.1229365009983876,1.0,-0.28190349281213534,9.608624862373839
-0.088195919480476,-1.0,0.535010612424599,0.6133091153076122
0.6948420479493944,-1.0,-0.055091555109598955,-1.3990346823380784
-0.21993438107033092,-1.0,0.13904367036799115,3.150280544413696
0.10803993227452291,-0.5743711843986163,-0.9535935815339494,-4.6868644041025
1.0,-1.0,-0.2012797294877997,-8.864184590487428
-0.7717934324358944,0.6806791512898178,0.3168098102437924,-2.651314322893333
0.192760093492361,-0.8715250087564212,-0.9704165610580242,-10.233821088897622
0.8057243251672994,-0.3955606576499209,1.0,-0.36263896389981287
0.19589893773172817,0.5882858212621529,-0.3357006462233507,1.3528523889848982
-0.17610970606681708,0.7965846985552951,-0.0827286445342934,1.0269008991333428
0.25072338192368004,-0.11674269772070045,-0.5683675401508217,1.2131107843920519
-0.3700738545022715,0.623608129305212,-0.14857950723991142,-0.2570824868982787
1.0,0.609228088821802,0.7444481406591592,15.022092251723338
1.0,-0.5071779827176228,0.5339117325240286,5.365346396017535
-1.0,-0.20545782681867175,0.5817446068533481,-2.538996969425784
0.7624062964665186,0.5206808175118149,0.9123282457567505,7.509764963394622
-0.3821668212583964,-1.0,-0.9685067000860357,-12.06380235356935
0.429341931596638,-1.0,-0.7462824845067972,-7.813825292109282
-0.5598026408488248,0.18744961762461654,0.2872745776084422,-1.2873156672880914
-0.601975861130192,-0.20693544198841707,-0.12646729146499136,-0.37044303245459453
-1.0,1.0,0.061798196947768114,7.766719487975973
-0.7856802528121443,-0.09464466895573165,1.0,3.1530816671925637
-0.496515629670208,-1.0,0.5092702960893403,3.1493138179741567
-0.4767132912824321,-0.9789051183936959,0.9855066667528389,-2.271960807002821
-1.0,0.637489293004563,-1.0,19.850276918659304
0.39665950410154527,0.9393155295904008,-0.5324162301356397,7.66038926233244
0.9493774527642849,0.4281495556821615,0.7943548688123019,10.800624085639337
-1.0,-1.0,0.9152072348219888,18.851293368957247
0.27615735369486893,1.0,0.3590677141205654,7.779809675887743
-0.6330050358296111,-0.7998336192331084,1.0,2.1809001248326285
0.1881699532943446,0.5958341929985878,0.4357109319141361,0.7024393449262267
0.6906832904410347,0.44616934002769915,-0.1888429023636211,1.9949686227217494
1.0,0.008410462212077308,0.0384333346246708,5.483343653907101
-0.7941255289426212,-0.19756763710805947,-0.29802161266799554,-1.5682597673847307
1.0,-0.1670825539668388,0.10459129417040014,4.5240288550418075
0.6611098041325618,1.0,1.0,10.634759871917547
-1.0,1.0,0.34264282727281414,4.116292391170964
1.0,1.0,-0.4294051335511875,19.15707565328561
-0.23163997720700413,0.5322974896544157,0.5807506798455084,0.3268878105242548
0.26347640780363424,-0.2891545312292785,-1.0,-4.637279186889137
-0.5916065081535642,-0.3214522452568471,0.6773710379396967,0.6045925745359305
-1.0,-1.0,0.5759657695187159,13.713361818335082
-0.07889241459070151,0.5935138326249516,-0.24764094804939107,0.8574647631062305
1.0,0.6359815235388626,0.9393610984191418,21.429434472105587
0.7078946488053466,-1.0,-0.6245141849819393,-7.26366557278004
-0.25258973397405104,-0.36483301386004974,0.4655701929323306,0.8414000327488985
-0.12192185754323615,-0.725629702671108,-0.5766793967307848,1.2620169884729135
1.0,-0.9422672334871207,-1.0,-19.852600980275582
1.0,-0.506794861331451,0.27127772476491385,4.449369680882271
0.25617624245165627,-1.0,0.7512450177499672,-1.5613373306170197
0.786099025055017,0.28279557818365597,-0.8187631572661893,2.4546383605460305
0.25200979212936914,-1.0,-0.4673879551723785,0.08082403060037924
-0.7091520691515318,1.0,0.49930573160173886,2.6553138572873864
-0.06760681608217545,-0.623300377200352,1.0,-1.5480656409104834
0.01458482845227782,-1.0,1.0,-6.941317658045517
-0.5982750253862275,-0.5222698598900264,-0.2414501419598465,1.450832503796458
1.0,-0.630669074085354,-0.7887314617970929,4.1571666436824986
-0.5526998088212329,0.6905550025406122,0.14927569695632914,-1.7197086378558524
0.4939795080851188,-0.2981373023094287,-1.0,-4.6808145294659775
0.6068414938475972,0.2561791826282902,0.5461600456481495,2.0896695981866635
-1.0,0.5492848438067444,-0.6820326443601912,4.798644618424682
1.0,-0.3168787047918875,0.34111068330826955,4.6053338491354445
-1.0,-0.8687415792448443,0.3884830832955424,7.335796378909766
0.9294967323196841,1.0,-0.6253624009685026,18.98063657855778
0.22715232201324786,-1.0,1.0,-7.481393709663676
1.0,0.06870667068772551,-0.0578682701736255,4.594235182737546
0.3467559452711282,0.20543084896272457,-0.6278540887866706,0.5878444147806584
0.055242317769785165,1.0,-0.7964586439143935,9.587156427505493
0.5480811791449933,0.1677058547425132,0.3443389815972864,1.8025347719486606
-1.0,-0.2538913298304155,-0.17438689263666052,-2.0271320188149904
-1.0,0.15088960741668322,-1.0,13.616768396428576
0.737902694746819,-0.1912993392207165,0.8747951432783632,1.5071870832767955
0.40077536397510927,0.33133859055853354,-0.8604351530729475,-0.536250185806673
0.7383953036968052,-0.7335405175512582,-0.3852164356790986,-0.021418231239724195
-0.15637385599310472,-0.30125717812649233,0.1417855320981405,0.9416524399705695
0.21729232162169798,-0.24100927769032676,-1.0,-3.518590803850383
0.5028083090880506,-1.0,-0.16242669166838275,-0.11175872220962262
-0.3822186598842763,-0.2819249829506463,1.0,0.9765659747193092
0.06267555015999093,-0.0626627811298921,-1.0,-2.7258734395532604
-1.0,-0.3847879633379141,0.006959434167465917,-2.0720102493439563
-1.0,-0.08338897153268676,-0.5698987794508152,-1.5645860516886057
1.0,-0.9629964392878401,0.7080526957973443,-3.8109517924799916
1.0,0.38391534181660614,-1.0,11.22907894438922
-0.15197986577678035,-0.6197570940302013,-0.4295468463079748,1.4871373419343072
0.6263336140927558,-0.797888703952778,0.2822309640205207,1.277363098029661
-0.010073092310419529,0.6881642323133403,1.0,6.020061159158834
0.013614736470288769,-0.24075321635510116,0.41917226223856585,0.5640545168500909
0.4050279042422771,-0.15325011089752216,0.5854537196660576,0.9889921197365132
0.8795766962429912,-0.7892639749074934,0.1999369125289463,0.5373242812846908
-0.8400632863905966,0.10374186445735534,0.047878677564942906,-2.5843506228224555
0.20092580289732553,-0.3265544233478388,0.02090114515903818,1.9885128102533143
1.0,-0.6213814090031002,-1.0,-0.9769137711172903
-1.0,-0.15025093955163582,0.5977816244221377,-1.5392106914715122
1.0,0.5037736015714511,0.7453286656704154,13.201260579792956
-0.6679776285642345,0.5251922572822565,-0.9258835025058654,-1.1311073780693828
0.3633928911888853,-0.3504827607094432,-0.02883324133252141,1.6005213154055913
-1.0,-0.7396201538764107,-0.52277314046522,1.9717252578216131
-0.24569750084689268,-0.2945586864723717,-0.7265007692055883,0.755152856993401
-0.3338707554603366,-0.6325277046078117,0.2913485251323493,1.1931147999294751
-0.6799474340760365,-0.22437693877939568,0.5987929978561564,-0.11264624425760728
-1.0,0.4529874761514958,-1.0,16.32899553031832
0.9309154449613155,-0.4434596668959516,-0.9250721390786862,1.7725807571882255
-1.0,0.0756519953419299,-0.29379970260350063,-3.1064593072350655
-1.0,0.09992172854302273,0.7775260285213896,-2.45966941988816
1.0,-1.0,-1.0,-29.479422932971442
1.0,-1.0,-0.4205183726088195,-9.393478492403208
0.9426038273135,-0.0957318349590992,-0.8195007036726212,4.542075679928631
0.031331498636038235,-0.49376203304854904,0.4852036157304396,-0.8969572933838144
0.8765245724371471,1.0,0.8874084673588936,14.94199054461291
-0.8223019069609403,-0.4253847413822154,0.657805213797795,2.156647563439625
-0.22129468682960174,-1.0,0.31007682146045945,3.531660627523647
0.17033988560766633,-0.4993334071244826,0.5189560588655007,0.5376517094136812
0.005819343753950212,1.0,-1.0,4.749679102132099
1.0,-0.5656590263704704,-0.6678059815206459,5.146222046247575
0.5740008091778313,-0.05319961794790684,0.16926089813936795,0.9651620984615192
0.6977636035179111,0.009264301614936743,0.04649805527656281,0.6864990517263632
-0.677504269244469,0.6051978030246696,-0.5576718339198801,-2.193060214804031
0.01309923460629503,0.17977164477007768,0.5174381234651526,0.45212295202390423
1.0,0.5218254665805633,-0.33039037924659365,5.65813566611622
-1.0,-0.09363474627981616,0.8821714549626323,1.0661324020575744
0.7791615081659256,-0.5990340071495661,-0.4663297627937808,1.232117056184384
-0.2787525251475522,-0.7624942613795826,-0.028915623252975697,2.013915711209978
-0.27282254637049164,-0.767942090732699,0.7923787470578503,-0.4117956460448222
1.0,-0.3159133180315903,-1.0,4.364029582198666
0.43879437294098156,0.17764907004264607,1.0,0.5792551232058464
-0.690713025708668,0.0530927585011296,-0.16175349687106544,-0.8913549389731537
-0.20702408135060346,-0.07657289041519633,-0.10594786004877532,0.7544470595777898
0.09033776792013781,1.0,-0.37200498695790296,9.583703931065493
0.25776055401566667,1.0,-0.5542765182052025,10.909043989646868
0.6343622639478221,0.7458157984920075,-0.11439713039738231,3.1224371560835573
-0.43153606842543835,0.5747245792840758,-0.502458774860586,-0.8279369810207435
-0.40149019680436115,1.0,-1.0,1.5748900727838908
-0.7235525621835,-0.08757385516997274,0.34097760246644593,-1.3391823445982913
0.3652839225900495,-0.6569815595764221,0.5427431392606052,0.4396683469859702
-1.0,-0.7364650275336788,0.8288641252273916,9.335025616660598
-0.5996550992474494,-0.6992496996966882,0.14980241922606918,1.3802850914656766
0.15246440659281602,0.14899094506618837,-0.47134099045467215,1.013330182286079
0.46345273370767703,-0.847282891333359,0.9890368819203059,-4.245877438732953
0.28782752920442634,0.466942460546137,0.7343614497626363,1.778313168403276
0.72386486257486,0.08507448069663637,-0.3017579349743116,1.9707258304323874
0.8289530317229927,1.0,-0.26226280152632975,11.294939991462003
-0.5839310568383789,-0.033678248811616074,0.001320514531101269,-1.0995425380349668
-0.7656012571367832,0.43532879211902564,0.5708040229664282,-2.281274907698791
-0.6402102829850198,-1.0,-0.7643645763121196,-2.0628971779379204
0.5972813235796484,-0.42246530484279887,-0.9785156320569037,-4.752009899049841
-0.34675825951861694,-1.0,-0.6411864679652652,-1.7923885356244749
-0.06134924491959648,-0.9288362850458365,-0.9335655592044965,-8.979010833817028
0.2457293812731991,-1.0,0.12894690957150767,2.0178872637229897
0.5899755995272811,0.3219134646352395,-1.0,-2.8362843532864184
-0.1408030590160423,-0.058847940762151385,0.6632741229624843,0.27839075849644324
1.0,-1.0,-1.0,-30.124821912557827
0.644488460973633,-1.0,0.1764144805788337,-1.2155807963764926
0.024599642400879196,-0.14938643392914086,0.9448444893440997,-0.30197304508317435
-0.3101864742900038,1.0,0.33157217172976816,6.687723896760248
0.2791736978539803,-1.0,-0.30309896803570746,0.708802772852349
0.6755234364972895,-0.03906694686148304,0.632344023601527,2.6125685148444915
-1.0,-0.4291879510560528,-0.7260241734472928,0.9661268581745761
-0.7776065949201707,1.0,0.16961745393994265,4.068221302686106
-0.7677953126487109,1.0,1.0,15.723851199587601
0.9442043307447292,-0.67654180539676,0.4116057618512148,1.5988901531366173
-0.03779492704002996,0.5431921380226867,-0.012153912060807848,-0.5683193758156665
1.0,0.12082027063236467,0.6137826150586603,8.110935059438015
1.0,0.017226402464409984,1.0,12.15479264115776
-0.03289620778973612,-0.021016752387450488,0.3391384986229591,0.5318984019338275
0.37927681979897776,-0.16778323150032048,-0.6636977533701327,0.47840092506076803
-1.0,0.9302761726536959,0.9231010773304484,8.145715816024492
1.0,0.32357279097629577,-1.0,11.331298493546699
-0.036313954418863315,-0.5876692901143776,0.020906290475246614,1.216637954741532
0.3082070434675712,0.06094206634436006,1.0,0.7604761626954003
-0.30837842885655853,0.10244730085735476,-0.4139270774750117,-0.20504810611597155
-0.6637260946653378,-0.567983688569434,-0.2651741622880368,1.196973291370022
-0.4152190320599487,1.0,0.4214971193287882,6.384525960606192
1.0,0.4657522887754737,1.0,22.064968813753055
-0.42327835019756477,0.36735334677720144,0.8903974658288196,1.382952604698371
0.09448462504796962,-0.6082714938214753,1.0,-2.1968312428935666
-1.0,-0.024606130774412982,0.08846374959435432,-4.577899023602412
1.0,-0.0784762605204341,1.0,11.07486804586988
-0.4112569075099872,0.598059395448765,1.0,5.150640898887266
-0.9359424716910949,-1.0,1.0,15.851512543236758
-0.5649782778587842,-1.0,0.21376687702118025,4.888499927107771
0.604115278888804,0.7273750806531096,-0.44292200272701776,2.3090583752098865
-0.30506387113280886,-0.06421699170784656,0.09815624879609364,0.8358571772966816
-0.14816052382216838,0.3890239192828253,0.6714891899590367,-0.15367226348542953
0.8704834725624242,1.0,-0.2634480058609361,12.861566068308223
0.3823010585112967,0.09300034762430798,-0.5636143434439074,0.8914753822882793
-0.448189105883803,-0.34065757144751707,-1.0,-1.7959481610472592
-1.0,0.43626076542040515,-0.39111226960130785,-1.4961420363541151
0.03294160970591875,-0.4237064729125122,1.0,-1.44769310228021
-0.0988661254946599,-0.15998324455447488,1.0,0.5650259816158538
-1.0,-0.08980960894409562,-1.0,10.334493953361505
-0.33333228301624707,0.15413443220165268,0.9616215701159445,0.6974769884711356
-0.5463711352178988,0.35351003713976725,0.3389279920346815,-1.9835180776947101
-0.9614036115253322,0.5788487426211044,-0.918445707925349,10.118057301160212
-1.0,0.8178582919745232,-0.6829318985952926,8.26271905672682
0.7661491054575258,-1.0,0.2591945756372389,-2.7231268015702756
-0.993642969883157,0.4716576358540234,-0.14813675063056797,-2.734301323011402
0.3966798639566209,0.5590814945610707,-0.21667709220833897,-0.06682411093917784
0.15313529665892012,-0.7234526755363899,-0.002519950548566241,2.0230480169789438
0.15627662695238742,1.0,-0.6695617419194082,10.57630671175873
0.7984168643962528,1.0,0.16624848119338975,7.987341079825706
-1.0,0.33739498979722327,0.70062335622152,-4.10889170416495
-1.0,-0.12416883414506286,0.2638371052435886,-3.7741421562481863
0.040095358248480206,-0.2517681690537197,-0.12218567079073361,1.6574200013700064
-0.22403427550067279,-0.34246461701473896,-0.8483035245355071,-1.260679484338928
-0.3542616700977841,-0.4499736416222777,1.0,-0.4819537594030633
-0.4144269394224982,-0.4233782159955277,-0.609494183409043,0.2880991641515431
-1.0,-0.4977298848380054,0.5795099563389154,0.9017415889350326
0.3321349384881813,-0.4142485200416226,0.6236484087033132,1.2538595693837276
1.0,1.0,0.08084948033253547,13.698776793016581
0.937959950026884,0.3581004880683587,0.43629424385197657,6.131958551763283
0.24249360725481672,0.07256620756629584,-0.21294886349417563,1.2747266150897774
0.5004906977775918,0.5927905997019665,-1.0,-3.388323483662411
1.0,-0.3990075096817556,1.0,7.093174512421452
-1.0,-0.9509998019999124,-1.0,3.730864971573177
-1.0,0.7158097420382956,-0.48220444640950877,3.9049685925122444
0.06057752558763685,-0.2866044139001429,0.8992592110577249,-1.3004502237926814
-0.311293465165414,-0.42352165920557727,-0.7066279856706561,-0.022085034525350322
0.019336296243158024,-0.0032365963530902597,0.5996694963137543,0.7124916399591541
1.0,1.0,-0.49965539570516215,20.507079788295734
-0.4065664712111279,0.9443516814488588,-1.0,-1.7379995701172142
-0.6524449590723802,0.11710858072831432,1.0,1.8786753535075111
0.626016015295241,-0.9243171379245263,-0.58778926861379,-2.8723206244296495
0.397938190238188,0.14596027768715403,-0.4391418632440458,1.2673666969804227
-0.247771063624882,0.18611327137300626,-0.21054245489342316,0.21106671958260886
-0.7093275381609163,-0.7009730952639492,-0.4142524003649861,2.3268227029292974
0.31236205707687126,0.34431847296883533,0.597060131500436,1.550988425513426
1.0,-0.26181547120746185,-0.057511086039185866,4.505716997573795
-1.0,-0.7111874881519027,-0.15984269530716166,1.5421344702069877
0.41715075213351716,-0.23808036772642738,0.020127848545518523,1.5217434768842304
0.11077334434073349,-1.0,1.0,-6.936283922218417
0.11706326518450205,-1.0,-1.0,-18.09618594102391
0.6359444992060754,1.0,0.256270747397201,6.600945129882668
0.6269227505823245,-0.8045869764352376,1.0,-4.701460337158884
-0.6242092188077684,0.8419376847593201,0.14125817381916161,-0.6516732739086919
1.0,1.0,0.866975050159777,20.889583744916447
0.5384147953683349,-0.5101098345173689,-0.4992194676734478,0.7008945478417075
-0.6194998763953037,-0.6356901585823362,-0.24353622051436719,1.2049870635009028
-0.1728862565675151,0.8523959797767837,0.08850113273318416,1.8803940665557102
0.9224348712323167,1.0,-0.40125661460988304,14.35284658285655
1.0,0.3212587301418097,0.17958238285716788,5.379852119534311
-1.0,-0.023998571691028037,0.03818535478288099,-4.195442295665607
0.7185632485563886,0.8037900027585849,0.3055426767888385,3.2318614007945428
-1.0,1.0,-0.6428962422334119,12.895188607073553
0.8215363936791844,1.0,1.0,16.386416575266896
0.8565786338240844,-0.13238950978148378,-0.4194591414289026,2.9334239638174706
0.9486694995481022,-0.28276036393579984,1.0,4.822376707755659
0.8238898540249877,0.540361396523958,1.0,11.955604980399228
-0.023699000508640156,1.0,0.33643540390091164,7.506792217327366
1.0,0.5052072010717521,0.473257540982543,9.675024697911118
0.3223539382317653,0.10799696798145497,0.05628249289993459,1.1014786769494433
-0.18967071952981818,0.4028104674112285,0.023999389623847733,0.22217462982579106
-0.6692821811624103,-1.0,1.0,1.6400619020122686
0.12890890011396494,0.37167730892298834,-0.00819063730835956,0.8043895311227802
0.09690183242537276,1.0,0.6467974596941748,8.443118495039384
-0.5010968775310742,-0.6780954528095113,1.0,0.5838233050415824
0.9529407668540077,1.0,-0.9587985980078864,30.185026325211084
0.9361568659755803,1.0,-0.7007574973770547,21.30121620491184
0.795119619382981,-0.17382313757443835,0.5901944769371703,3.23161841868698
-1.0,-0.4335980613128745,0.34707772104084045,-1.1846263480681851
1.0,-0.06869087480611147,-0.31737681173673216,3.4724327215517587
-1.0,0.44067935122337665,-0.39987716492450565,-2.205230444754633
0.9671735089224416,1.0,-0.9243189765359663,30.772792400298336
-0.091877451413233,0.22364223667768113,-1.0,-2.1260515596434963
0.09496724483523877,-1.0,0.9518871828829563,-5.590108393316842
-0.7899465347356187,1.0,-1.0,3.738658962165053
-0.5661095925098021,1.0,0.30106143798281715,5.214387727712294
0.6539968611732274,9.793910261923777e-05,-0.7788764609775969,0.9104941256621069
-0.5824821187467879,-0.3988438891868089,-1.0,-1.3325836535149285
-0.7352544447171163,0.7641768388813774,-0.24574264228352183,-1.089804397397188
-0.6623086575179749,-1.0,-0.47490438226887877,2.90480744804956
1.0,-0.6986909421025111,1.0,1.8116371190037335
0.6843356453312888,0.08979911389836781,-0.0793721819486739,1.5405876014697206
0.5707675133823689,-0.21917844179891732,-1.0,-3.3742671889388456
0.6932312153333029,0.5998736346797677,-0.9110589985816,1.103983338408639
-0.46243082832848925,1.0,-0.5963173458587345,5.0863708676538355
1.0,0.008583615601241101,-1.0,8.59900377323505
0.6030500067820785,0.9211325540084281,0.40803633646034476,4.84526712037968
0.5205649947170676,-0.12923831630740068,0.2311251487705137,1.3592130740759651
0.9447402241402274,0.5906564751603833,-0.1158881447171638,4.5144816148104505
0.5364822447929056,0.49243791060653774,-0.7431724148970533,0.25200023413020933
-0.31307250673893017,-0.0821096595502595,0.10905011896686534,-0.6081321595080303
0.20249558829329883,0.6600275304001657,-1.0,-3.286483034461393
-1.0,-0.5172786485665954,-0.8878345399304628,2.621756663001684
-0.5218900363123273,0.4195557465954365,-0.5158601287620157,-0.8659268674889267
-0.13179812061532137,-1.0,0.2372854745583235,3.431609836114893
0.9464584530357758,0.25461513380082446,0.46830644179568304,6.661747553239702
0.6513877291725416,-0.47731258870050675,-0.11301290729459978,1.1240677981168203
-0.559676236509856,-0.07017450064431774,0.6015329652487815,-0.5766860755051959
-0.17167933288909576,-1.0,0.5820912663724116,0.36695176868791574
-0.16992258089814616,-1.0,0.5457737625725936,1.0088725170037545
1.0,0.854409441454981,0.6566234038634913,13.85754981279649
1.0,1.0,0.27443878062301064,13.529855963166009
-1.0,-1.0,-0.997147073145886,3.834129289425871
0.6292045859609405,-0.37929609273622367,-0.28442643136892953,0.9960492934857228
-0.49093908583459167,-1.0,0.9679357014181609,-2.163473032065704
1.0,-1.0,-1.0,-29.485931955251836
-0.9276849648431817,0.6036450450166755,1.0,6.373458462588761
1.0,-0.0808399427981703,-0.6685400601849001,5.751282453427027
-0.28040709727413926,-0.15286659252692236,0.7195589125411934,0.17728532374982411
0.25855621238270143,-0.6294667592702963,-0.32412506028195787,1.5724587535941956
-0.19894726938371154,-1.0,-0.6178060367216629,-1.527528816203923
0.07776298753412236,0.6073195848486537,-0.6456837209834296,0.37525490586999183
-1.0,0.3822940044352283,0.4259120691626086,-5.109824011196785
-0.37863829141119765,1.0,0.8808320297607071,11.147603664584572
0.2713288318630698,-0.4133509174224661,0.369453114606473,0.1060102454465901
-0.12435236674722439,-1.0,-1.0,-16.911591532311398
0.6205307646329448,1.0,-0.7171481125697743,12.529183238689301
-0.214070296285382,-0.5453952075261965,-0.3870199503206091,1.3061611831521736
0.7383747889272412,-0.15046083289294265,0.07119330961660753,1.6106099976572577
-1.0,1.0,1.0,17.220228567680984
-1.0,0.1558605346590467,-0.28116167292778926,-3.232985121931784
1.0,-0.6535851592071549,-1.0,-1.4497348280929372
0.24781778908750685,0.33976041296683324,0.4860355984038114,1.2018451731753155
-0.9729937745074131,-1.0,-0.5117263369523772,4.795429673274505
1.0,0.051147294764507745,1.0,12.561447646449821
0.8075238035237333,0.8792126161991405,-0.31418720980635984,5.7971355481455875
-0.43894931437588003,1.0,0.8865927621759302,11.771288003458857
-0.9050871464261072,0.16607044336482346,0.8006838433407943,-1.6334146613377902
0.04715016258065208,1.0,1.0,12.381467498709734
0.0729956623415402,-0.3015839938305185,-0.9610580167547751,-2.686259715049003
-1.0,-0.3518893961786813,-0.10563254240513875,-2.461191684476017
0.47299173099296743,-1.0,0.953270279674119,-5.254811380833276
0.11017180000564597,-1.0,-0.3324480822780951,1.4432713043646637
1.0,-0.5858592493628174,1.0,3.2589171363289235
0.28240169490261735,-0.2590334238856742,1.0,-1.3559064655068536
0.7371189680996288,-1.0,1.0,-6.819642298066333
-0.19914158760978262,-0.5112179155681118,-0.9666908077371699,-4.400686042103412
0.232555086037888,0.41645416576160965,-0.06688678348332155,1.140588176546641
0.22817541512979034,-0.4616018528887831,-0.05742914838074897,0.8800428737223959
0.17671764495315556,-0.6468734285077731,0.1350792730430712,0.8686475101440323
-0.9402080076141712,0.42519583024180285,0.2150308873048794,-3.7678177853553114
-0.7076107809288659,0.7537836484759564,-1.0,-0.5590893355903861
0.1939234305208517,-0.13445252497054083,1.0,-1.5783176975021784
1.0,-0.4635737071277237,0.4469994079827122,4.2784113570982045
-1.0,-0.5260432509347381,-0.07933764795899689,-0.6573215062332003
-1.0,-1.0,-0.5634713093643029,4.746204872159985
0.8476594953936589,-0.3545323753380023,1.0,1.0287283518278427
0.765623167429109,0.7918432266430542,-0.7027106465437369,4.237354974980188
1.0,1.0,1.0,25.609775491704898
-0.6122742172450069,-0.16363253322184867,-0.3165681980674808,0.18427971118840136
0.21444831224645022,-1.0,-0.4292259395284017,-0.0905421108940859
0.5056668447703416,0.5009072408973418,-0.061276924602835736,0.13624679252652627
0.712434147571797,0.25864014871020546,0.7947952798223881,4.123967037149404
0.18668586900336925,0.17839895692044516,-0.5899018433576202,1.206174422097008
1.0,-0.5127882979158427,0.42587425958636116,2.8944094472427353
-0.5270121445191938,-0.568059188290333,-1.0,-2.969100154979504
0.007367965815616939,-1.0,-0.030200957747106294,2.517385442567842
-1.0,-0.4011516839211726,0.6557901139043811,-0.4783481598775119
-0.08876410257419387,0.18736679455951677,-0.14360094441894944,0.6781702579314655
1.0,-0.24101632934984418,-0.9180036511050849,7.922336899232836
0.2995258647135375,-0.0443237295966985,0.21461574228158375,0.9697234924810865
1.0,0.5266747499237563,-0.6794553297497512,7.847662415701123
-1.0,-0.5280865496476974,-0.2023256711600796,-1.5224780910119258
-0.531824964706874,1.0,1.0,15.894106953045172
0.03353313096815658,-0.8524812179830201,0.43187396965959257,1.0846605467962653
-0.2985482041600873,-0.446771520909667,0.34325340560473605,0.07294768548051717
-0.44775166201722505,0.36731025642605286,-0.06757725849493501,-0.6888995184078993
0.017177646865657925,0.12867872460010243,0.7495257829273023,0.03188827081190537
1.0,0.33632428278627224,-0.6457860847107859,6.611685135751053
-1.0,1.0,-0.9975803929378957,21.91909455008943
0.5947793333447127,-0.21127424446294674,0.43854958070451433,2.148563480632195
1.0,-0.37242317553527515,0.09825743359251038,4.0845959819159345
0.6222907417718317,1.0,-0.354753998484584,10.72864833387146
-0.18543191995015906,1.0,-0.5043965423369265,8.801996980240517
-0.6741912044092795,0.8314786887172192,0.2585587583593252,-0.25243435303143924
-0.03794889897282694,1.0,0.6783677734959221,9.157874939622731
-0.14466290944706173,-0.5674661986594076,0.10356907975504392,1.4897249728173547
-0.2544604154556085,-0.2152172225073561,0.5896848962724401,-0.15320981604055475
-1.0,0.9707378191281952,-0.5448150763564832,11.43917780310702
-0.9391206752040526,-0.0771596723480259,-0.7167297013210603,0.9830258340635669
0.42903057800628774,-1.0,1.0,-7.029461608033583
0.35681683786681306,-1.0,-0.27203035864334457,0.8528408617481626
0.10032976324750043,-0.7771868173056662,-0.14465934280525827,1.7341366384278882
-0.3819375716421727,-0.6359427132659035,-0.24625996063829425,1.0949894115202796
-1.0,0.3612391262247532,-0.40346987655598165,-1.1298048398288634
0.1129395881604578,-1.0,-0.2389375262343536,1.2634089177535999
-0.3466080301732435,-1.0,-0.27267199307649337,2.9621382602026585
-0.7299519957264593,-0.034155917306990746,-0.36816869314235623,-0.35944384519859296
-1.0,-0.6798212393676122,-0.8174270735636515,2.63234871899006
1.0,-0.4131139137692066,-1.0,3.630864761846865
-1.0,0.15870139285204732,1.0,3.6907203745977126
0.5617888288888448,1.0,0.9606096673417917,9.219339913306644
1.0,0.5314312889736945,-0.4330140196527652,5.153427736016464
0.6979308131822597,0.9385074469058317,0.5971616254912646,6.173920232335014
0.7413790221822905,-0.1212150636511331,0.2450686459940441,1.5083505572078526
1.0,-0.02739836614018243,-1.0,7.797326557564138
-0.2176208512804123,0.11022172076985326,-0.6515583447491182,-0.17634579481294574
-0.6226361329279226,0.0719917468256479,-0.16423748035869967,-0.44467413181523874
0.36355945485568086,-1.0,-0.5762499112955493,-3.200272509928153
0.5875313613093804,0.9016416402351894,-0.8960474956332536,5.064195839833297
-0.9249244620682062,1.0,1.0,16.481997198922645
0.2849987328114294,0.27618401695446515,-0.65283580415137,0.8751937115923273
0.22973482408084855,0.10834143609657065,1.0,-0.4283939886931858
1.0,-0.5232043924611656,1.0,4.0239449889476235
0.41856112869125717,-1.0,-0.3947461627888178,-0.7613201774756226
0.5073918815210772,1.0,0.18549853266112404,7.546586646301562
-0.44177478457718133,-0.8861148655161433,-0.32800516820139536,3.0054769696380768
0.3286296352139142,-1.0,-0.7318292960113613,-6.157975543211903
-1.0,1.0,0.2694431687302521,4.172090899107378
0.9496712872813435,-0.16995045203697323,-0.3194471915821766,3.4272272792032625
0.6602242466652679,-0.33335694878433,-0.6233016767445629,1.5926321725202333
0.3298646924947677,1.0,0.4373318272085187,7.635956463098989
-0.6992549745303438,-0.46488785443357794,-0.36345809642588334,0.9724354385958331
-1.0,0.10229475014918443,-1.0,12.90190512561036
-0.9013329678661988,-0.8844155865283303,-1.0,2.236605657517209
-0.3878574966487176,-1.0,-1.0,-13.381315653200701
0.3891684189195612,1.0,-0.36944979324734484,10.144272813572375
-0.8426083217163438,-0.7718769061367943,0.2809713659174682,4.1660132898472515
-0.5915309095135706,-0.6994109640705559,-0.8877347391160337,-1.4497621069637787
1.0,0.7827979782505496,-1.0,19.22777873436797
-0.8894139028802495,0.3446316622153067,1.0,3.664044172386257
1.0,0.9633539146372563,-1.0,33.69706231674117
0.390944755947078,-0.04107168956892693,-0.22194762514560162,1.038782538170718
-0.7446487092349363,-0.5887181713724474,0.9175327998589946,3.1475990198698103
0.836094471031726,0.34444005685810564,-0.3959092914055804,2.7780206456387533
-0.1977493667404151,0.7508460997298021,-0.5165591383017183,-0.08603175850425371
0.16001275059531928,1.0,-0.6470235755438698,10.534627621014925
0.20118155270001403,-0.7531174008875998,-1.0,-9.557962431269056
-1.0,0.16192506176795618,1.0,2.9952321021161032
-0.2709441555158978,0.7080726743488992,-0.26961407397658244,-0.5641998348200727
0.34390207230361813,0.5395178318714071,-0.2119402932588057,0.5175469286378529
1.0,-0.16274404621978422,0.4575856234876523,5.946775075597499
-1.0,-0.1701678803515565,-1.0,8.306777498973062
0.5260054010897313,0.2506522760843548,1.0,1.8479187844775904
-0.12395878555515538,-0.22116622002280506,-0.5545439520236966,0.024016660473470286
0.2573165870629601,0.7805057965468627,-0.7401529420472093,1.872267608463138
-0.6854548253886386,-0.9748445594669009,0.8598893175754299,3.7260048774945065
0.009895827970410442,0.11696834016016333,-1.0,-3.1238604934795937
-1.0,0.5731609248718115,-1.0,18.37019285717056
0.12861192392546728,1.0,-0.09545255909737382,9.116941628536958
-0.6058736051528175,-1.0,-1.0,-9.261561918985548
-0.5588692935947395,1.0,0.6677104222593664,6.36187457587843
-0.6764134426653516,0.8153216563965062,1.0,9.352739572065582
1.0,-1.0,-1.0,-30.09776926238147
-0.6884941669316762,-0.4767053609458045,-1.0,0.3561173706876726
0.696782732276678,-0.34261393679325414,0.042328749847583724,1.3764339197148001
-0.9082026988504963,-0.3771350958522881,-0.15466573344024415,-0.8786337922371698
0.4470960113015108,0.5415498930862273,-0.6876525271219771,1.428048200012602
0.38145871348876503,-1.0,0.8205962988989488,-3.6428271496761697
0.35362761843362867,0.021482508702188152,0.6298070847881818,-0.313207222207149
0.17969919828998182,-0.09947977833412436,-0.4246565816831902,1.7435460020554703
1.0,-0.12149043199966592,-0.3193950506350056,3.7705352461481145
0.49815174595663003,-1.0,0.5805796009383117,-0.9131505526717635
1.0,0.06666044382317393,1.0,13.264445018954053
-0.9963068193053359,-0.006410001856648195,-0.2771887399847166,-3.257776022760735
1.0,0.6704687686484472,-0.21576923001796833,6.089422507522061
-1.0,-0.5701052733470608,-0.30099904685315226,-0.6364661240383626
0.5529935432418642,-0.6544266998368631,-0.04124270688159615,1.2042751174932063
0.4706795957014491,-0.709289761203163,-1.0,-9.334086904450084
0.1999506743553765,0.7921760717384199,-1.0,-3.0632966890310245
0.9473051418230669,0.8882843051083147,0.16278542065117518,8.561878347062388
-0.57882613368334,0.4791024922958411,-0.4027118550740374,-1.9397240663369142
-0.43247190777707445,0.8896100925990211,-0.40777477118645566,2.340387135250203
0.07423414222619495,-0.8516419875104628,-0.09313018152532537,2.168971483778929
0.6821621929944979,-0.8317626307088879,-1.0,-12.862165887492335
0.7751819131755917,0.2711380720457588,0.5287137394748729,3.6137267662168657
0.9243827899492498,0.37558752660760963,-0.24483926443399873,3.40621512206926
0.18771470747896268,-1.0,0.46206532564337044,1.40213247990624
-0.5327971641217977,-1.0,-0.26187338315353426,3.4699093260594185
1.0,-0.9200725429647532,1.0,-5.742367589194017
-0.8779521975473232,0.6290427732252013,-0.7451280431375196,0.942529550993799
-0.20180979854373526,-0.46979069845061106,0.9739583070535498,-1.4050814059889016
-0.2835225083502553,0.4607558336380797,0.6175103845642167,0.05480813062608693
-0.45054700433931205,-1.0,0.2559383581745498,3.6434414587337516
-0.18699121402626817,0.8753406068362568,-1.0,-1.5256829686525706
-0.19368266020824354,-0.4135366358133077,-1.0,-4.049675956427182
0.10056232319040537,0.15840016275602853,-0.1834531964245809,0.6212761945312315
-0.607280029166098,1.0,-0.5394515047942403,4.323600033237411
-0.11410078392549261,-0.31943870240729066,-0.3450037171451137,0.15244880056286292
-0.30876604857031853,-0.3922766179312871,0.8121627540011611,0.3541781578964214
0.07334407966954104,0.5585258034610805,0.44983249328809416,-0.36898480592998495
-1.0,0.9383197694318797,-0.23623263565905428,6.649933050303219
-0.6786507214529165,-0.3559196874418127,0.19566757577759986,-0.13685676143684483
-0.35895635813849314,-0.6231867251899432,0.09136404102306694,1.5321543987292117
-0.3804496412776792,-0.1815183118602255,0.749891852997902,0.3091000940809552
0.262912215520108,-1.0,-0.4564466590203555,-0.8205001786341738
0.6402537024223187,-0.2027962848313909,-0.3699358940292041,1.0591639524225385
0.27723564745762674,0.05593656254406465,-0.35712033332306614,0.48320423868157436
0.7727136670030845,-0.40220208433944515,-0.6863110197317941,1.5135462554255263
-0.022143296143445124,1.0,0.24490783232456104,6.9340437142697535
-1.0,0.5263600162900612,0.12120512972319575,-3.0705185305496663
-1.0,0.4567834805599771,0.4314913970850536,-4.227801689480872
0.6494689999874181,-0.18789308728498044,-0.7267650491633222,1.2168554896953458
-0.9508680317048861,0.5377762054505786,0.6346766400773469,-4.357891628341235
-0.8705555422326583,-0.5674538871080892,1.0,6.110471141800422
1.0,1.0,0.4222686233771096,13.417527444503481
0.5361285803123472,-0.6601182559189187,1.0,-3.5832962645889466
-0.2449288688981015,-0.6245275715036729,0.27562124837870927,1.7414969688291486
0.006089317288564766,0.22880647752219474,-0.9001063113860228,-1.2700755384234967
0.17501483648650407,0.14052847408682334,-0.29230080980032125,0.5740124055750582
0.7491715527868039,-0.3461541102243648,0.9129122724401499,0.7163298025834235
0.13296117898080806,-1.0,-1.0,-18.651935108471196
-0.41474891988073237,-0.13797331198669793,-0.25308885476372245,-0.19109190750321997
-0.5470808146049166,-1.0,0.17775199538725794,4.245544579392595
1.0,0.7506256932128907,-0.42407559765110725,7.588037352332334
-0.5074915347002289,-1.0,0.3562983076222057,3.834251603352568
1.0,0.8578322861145768,-0.41102983081059286,10.095676915855101
0.02538074221052722,-0.5113357338720139,-0.8562891601805807,-2.1406605092612785
-0.44771159185950915,0.838765607288734,1.0,9.776619355749274
-1.0,0.18869769756366228,-0.901261782344495,8.821783601251482
-0.7507003157963514,-0.5391112911413427,0.8507048069131131,2.5998877986109137
-1.0,0.00053079931441391,0.012453252055990793,-4.949199646291252
-0.2295582094504165,0.13713246379997313,0.033146404336224844,0.7894442840849082
-0.4145910910486237,0.34349738589371026,-0.7612553191977645,-0.8476640531576867
0.6849119474768834,-1.0,0.45763364950766006,-1.4295025276828934
-0.01573444636511878,0.7684173630152586,0.6869817102733697,3.4687138530416277
-0.46046385886742347,-0.5760432217125597,-0.9403209151728391,-2.437871187179822
1.0,0.7258538839347097,1.0,25.858627327230398
-0.25548275731811243,-0.2776518743294669,-0.16413633939787853,-0.07413158711032808
0.09416408455622238,-0.7928654958431005,0.3916263504521169,0.811303942735313
0.557396120255784,-1.0,-1.0,-23.76312603013296
-0.2355543456625051,-1.0,-0.16997997123153974,3.7532815898890712
0.9746368144794697,0.35288596986093235,1.0,17.690421866796775
-0.6477825591676516,0.09426982396055927,0.33168289135342355,-1.0461011660162787
-0.36573507716007225,-0.45559733691571314,0.09584087920660811,0.43072905062786454
-0.33162112847939507,-0.0004927819000992706,1.0,0.8733448746433935
-0.03540208044934268,-1.0,-1.0,-16.83977236400932
0.7501767843131453,0.08140563175525584,1.0,3.7154664221102394
1.0,0.0740424368910868,-1.0,8.890218434198083
-0.40025580943318717,0.2817354477446494,-0.09363591687057204,-0.4830600819090718
-0.5035805490967089,-0.4559950887070696,0.7683539614673534,0.4952624107082045
-0.05618630761168375,0.6007730753801326,0.029292619129091424,0.29462095011737205
-0.293814794173904,0.7871008327187126,0.027707989205582706,0.8931390455844946
-1.0,0.10251543843605515,0.21660052384374628,-4.748379088722356
0.0492265429963159,-1.0,0.1282469850105894,2.111810495104287
0.9229990308660427,-0.23722345726488614,-0.3652995413565343,2.121850908068504
0.0331794970674697,-1.0,-0.9455031285395612,-14.248301193546318
0.24513925960773597,1.0,-0.9481444192740434,6.480958193759031
1.0,0.4310937956293408,-0.8914676257501268,9.71370427122207
0.7731093966816631,0.7352606389701899,-0.3944215218979359,3.0084190109725943
-0.9122126340185592,1.0,1.0,16.466827995755835
-0.03637541559737767,0.832412727946144,0.3089202993368536,2.4656180833319885
-0.5069767526354492,-0.22706815658983803,0.32261123847060036,0.004253874545402644
0.8928153812464519,0.6324199267598871,-1.0,6.113783550894138
0.04279108026500422,-0.5675434462751012,-0.4303854184103142,1.539138219271473
1.0,1.0,-0.9831275624349713,38.58833214008551
-1.0,0.02910293099236716,0.505579109427658,-3.5122341202028373
1.0,0.7632693708942926,-1.0,18.14266170969642
0.16023271594968747,1.0,0.40970942046758196,7.4902940366591535
-0.681044115394777,-1.0,0.3269464210981248,4.59830223931526
0.16869352802854265,1.0,-0.5706146821869347,11.086026081168157
-1.0,-1.0,0.4527362128666763,11.844521667758796
-1.0,-0.1990944178371623,0.059085805312629525,-3.5254656919514162
0.8543915612128994,1.0,0.2252546323639173,8.974190039279046
1.0,1.0,-0.3938473451932867,19.216263457542606
0.027654028879150472,-0.8583928977791382,-0.2050900248343861,1.9710143911209506
-0.9571817125280031,-0.3398091055547132,-0.2107097672385747,-0.5469940990685791
1.0,-0.16625679694018003,1.0,9.720695687404861
0.9844513717736088,-0.2391301844676701,0.14792725747043023,3.899896896642854
-1.0,1.0,1.0,16.737916186710944
-1.0,0.9723120602050961,0.5149790983068494,1.2304096345751738
0.8982626287722761,-1.0,-0.12694730878016913,-6.163724162271719
0.3891493925907472,1.0,0.22796045206084004,7.188766898924962
0.9801163173953373,-0.9396014841689322,1.0,-5.228227287258216
0.014957918571848472,1.0,0.8435973080761354,10.25166649422587
-0.8036323598880166,-0.48935847768446394,1.0,4.334033949888684
-1.0,-1.0,0.1824470458943317,8.93769452741803
-0.03890393069895781,0.22379769485370926,-1.0,-2.7999451198814356
-1.0,-0.2884943770321833,-0.23362660635292176,-2.643077015223102
0.45173271505863366,-0.36914546052723507,0.2939304183982212,1.3193982771030621
-0.5543363895494031,0.4761417092483833,-0.023670305780044254,-2.017247589156046
-0.40008327787802367,-0.5905689225726976,-1.0,-4.604262000414294
-0.7572689050657118,0.5275519354718337,-1.0,1.583897495702777
-0.03840788017681751,-0.6663957288998115,1.0,-1.3643535877372233
-0.3058361615622438,0.1555474404406485,1.0,1.4395988970454434
-0.4259322886646475,0.4200319719343162,1.0,3.2508972184165734
0.22579650248625494,-0.2732757591519468,-1.0,-4.183844909806817
-0.9455183901606212,-0.5097615829429964,1.0,7.819161346333812
0.31580047447728044,1.0,0.6321164730154014,7.96987084418084
-0.7527412427442433,1.0,-0.3755310489166246,5.045682937272264
-1.0,-0.5257831358613885,0.954612840678492,7.828336736443106
-0.25814153245083893,0.4767053195538222,-0.7803156458218028,-1.737558793572323
0.5009393223185608,0.5817325873583201,-1.0,-2.0916953518212873
-0.07139838639460927,0.3169077712349604,-1.0,-3.3585275005508106
1.0,0.7143174885552133,0.4660479499007333,10.443619033744739
-0.6329235887589573,-0.4938238942601203,-0.6679759843393216,0.8935312652117493
-0.18070403240427924,0.7391690619087226,-1.0,-3.828669480769736
-1.0,0.12917991539942997,-0.5456808942712865,-0.7520012669138403
0.5436601822266769,0.8767960681326468,-0.9021768387477596,3.226812991913568
0.2865464638480182,1.0,0.33474998898638275,6.965482250066174
0.32876771876156385,-0.7892430203963476,1.0,-3.7589873613977445
-1.0,0.6916808179414999,-0.9068950794287645,12.905661538499807
-1.0,-1.0,0.28297159042387565,9.591899048930385
-0.504014820476814,0.3175672167956549,-0.9018502168167635,-0.7863588340306458
0.3129560798180786,-0.5163639487094269,-1.0,-5.950798018095018
0.8497175156183723,0.5621588500094803,-0.050914287000934255,3.525350493160529
1.0,-0.8267984152215073,0.10136042663956668,0.40753681303577755
-1.0,1.0,-0.9804184194213292,20.6209475300735
-0.09029830653205217,0.2366229321267581,0.2807503317908133,0.18672569187258387
0.34549480120223297,-0.9630330180994364,-0.28241407478228253,0.7419846408243007
0.5509518303524199,0.5417748413623718,1.0,4.949008621432623
0.00678453478990293,0.016161587254164944,-0.31843794459676666,0.2689202601693014
0.0013529160094616355,0.6068705179214904,-0.22458467473898702,0.3609578622087217
-1.0,0.26728348819521774,-1.0,14.182486764465134
1.0,0.3297692114815238,0.5451083526923843,8.820102334275497
0.24713744174586516,-1.0,-0.5319488173295486,-1.1415003731470539
-1.0,0.3525819861764232,-0.8042684262460267,6.311809472316559
0.3192172301112861,-0.27761237739970523,-0.4579155519371463,1.6383682021629538
1.0,1.0,0.705396767241854,16.49906762450243
-0.9244383433014167,-1.0,0.17603127970444032,8.677291162746696
0.7201659714140372,-0.7722531349472639,-1.0,-11.051241001713443
-0.2225491646088793,-1.0,-0.00885850669010213,2.845043310439158
-0.13395478567516728,-0.6421708457521618,0.10470637845759967,0.876075868531657
-0.8047750604259447,1.0,1.0,16.02622776322732
-0.744396774473078,0.6993191501703304,-0.6087416471290474,-1.4266214074172625
-1.0,-0.9797328402565828,-0.1278069702139084,6.905809138581923
0.7163207068409019,-0.37946507173163524,0.4582620336841925,1.423097737449381
0.7198369476690483,0.560655282235867,0.7354974683326712,3.5279859278360086
0.7884193807297706,-0.5528707594980884,1.0,-1.1421937982777877
0.3115091887542738,0.24720592791286,-0.3066910386737258,0.9564902205484443
-0.21382096117132599,0.469107995272271,-0.14649485650988536,-0.5481437435893942
-1.0,1.0,0.026088069563561023,7.378406898468314
-0.7537663420892633,0.7411623886751493,0.263425427739586,-2.50300542161593
0.20201717306011258,-0.4701915054728143,0.4836875564515255,0.734443368770579
0.11161424237745288,-0.7914884166348903,-0.24474055743626733,1.678435472504843
-1.0,0.10688822597006853,-1.0,11.967068751067375
0.3121701897504858,1.0,-1.0,5.2691224391862495
-0.3441642820919546,-0.3823009565484703,-0.9404837800572052,-1.8697741103498495
-1.0,0.691889735200885,0.8812492649705499,1.382974399645394
0.3374962168346045,0.8090193464895397,0.12254464800103015,1.7579633070705034
-0.3850366758298325,0.11700316531423693,-0.17534626739133374,0.04936965268003407
0.18482360176001555,0.8737555293357919,1.0,7.383514378590362
-0.3861040087940193,0.31896804740336426,0.5081216264868988,-0.46904216319916897
-1.0,0.8953187666944868,-0.29234998990158045,7.050026548136045
1.0,0.604158551921683,0.6404109529682109,12.20905699859868
1.0,0.6540895676235703,-0.4648604138199821,6.411454189875757
0.21395816059972783,-0.3288008796143349,0.1687315483559384,1.4452357878624742
-0.3039353271155396,-0.7854648747073545,-0.9542089929686148,-6.006948314661194
-0.22613771329202081,1.0,-0.889194383712373,5.094866190776262
0.37843676529639136,0.07479371593909767,1.0,-0.6752530667642385
1.0,-0.3490730544045697,-0.5344023067628596,4.402580519039106
0.453982366465542,0.6992960381616071,1.0,5.544071148678165
0.06426692747375484,0.08205544846158808,0.8760280517877053,0.7957556542683717
-0.7945896348613641,-1.0,1.0,6.202444932352606
1.0,0.4762343398657387,-1.0,12.081458474295859
1.0,-0.9111373882021221,-1.0,-16.404889895921073
1.0,-1.0,0.302761884349408,-8.001012355093401
1.0,-1.0,0.061260468143936375,-8.011920324945033
-0.4963102492613616,-0.32976022985361575,0.47757958427719416,0.35548004661976845
0.23841457727525261,-0.08255643931600987,-1.0,-1.8162184624563944
-0.09969642583079441,-0.1818087876530845,0.9581919824302323,-0.7023340038022206
1.0,0.9703676229413987,-0.5831533601188867,19.81689922883937
-0.7208200315669175,0.5752935128241197,0.15685385488757642,-3.514995974395214
-0.15168871191008892,0.10552168126608752,0.4685817325377408,0.1838895996954847
0.7759774092046237,1.0,-0.6005086587806687,13.607564161833192
-1.0,0.2818760166113774,0.3235510590618098,-5.165524693344858
0.21009453628484098,0.633990510548452,-0.36614382112766,1.149427456672795
0.8925691707578833,-0.5877517862256341,0.5874078672503862,1.7237735240736463
1.0,0.8844656644413824,-0.22787466251046573,10.49534753025497
0.3015032631137744,0.9258784810889604,-1.0,1.2555244725159453
-0.7505280641653735,0.9004878980115529,-0.5569083342144214,0.3168110977502856
1.0,0.8137764859605898,-0.20104961834245794,8.6890626154634
-0.9618686905155442,0.39083346670410424,0.38863872449451176,-4.289817351250136
-0.5881452243582461,0.5312325071253536,0.2785807648000591,-2.5135450370864265
-0.7018677458298119,0.04315664717822343,1.0,1.2308810839381346
-1.0,0.8583955978821358,-0.33255456968206487,5.415269649912841
0.15759115116395117,-1.0,-0.4921227205276959,-0.7928517938874025
-1.0,1.0,1.0,17.045516312801972
1.0,0.041073814776663164,-0.0457432509410165,4.168660258493179
0.22639587397684857,0.968774511007541,0.7256172661178102,8.122351333679822
-0.8275840152999785,-0.005525510897814279,0.5152353282909947,-1.54623306761609
1.0,0.3832830577915567,-1.0,11.86488107251527
-0.4175181172309379,0.2215712163069261,0.30905378497779656,-0.8070123055850309
-0.20528581999228468,1.0,0.20607694205456917,6.627675952383931
0.07652335885429529,1.0,-0.17262369808829825,8.684820374917232
-0.2576080997296004,0.8467839865410409,0.019507648245471465,2.2913335500060215
0.5635119258599854,-1.0,-0.3016152762059541,-2.1946546805547116
-0.3101368507042128,0.05825004413943158,-0.930625663483913,-1.4340323679587652
-0.17658632557348297,1.0,-0.3760786843891759,8.304430028150403
-0.3125235367876069,0.6043634153072286,-0.3086656455669661,-0.9523932505837237
-0.49415696333777026,-1.0,0.6849996909170868,2.0371856596861813
0.32630584560518816,-0.9477726383825356,0.12329528203254858,0.9412517500016772
1.0,-0.232157732122642,0.562490050662463,6.456244884282464
-1.0,0.8932604493116774,-1.0,20.629757745900104
0.37987042499916357,-0.4413533137958441,0.1492942650709599,1.2272103475059326
-0.2549819972660532,0.04715133218023837,1.0,0.40644169363290483
0.2909106287140557,-1.0,0.41785643950988494,0.23767852047738214
0.8814821455711237,-0.3381627088385657,0.5952140576451914,3.2558791488389254
-1.0,-0.9253539234553709,-1.0,3.701082309525671
1.0,-1.0,0.553881838395325,-6.764747182278552
-1.0,-0.5543583608794378,-0.23096316760255808,-0.5792173398929958
1.0,0.3152518551618686,-0.5412185559711684,5.273064885486405
0.10021579342059828,0.03312199516406067,1.0,0.9828553118810307
1.0,0.048496748828092295,-0.22555819396395016,4.175031642626942
-0.1055242077072478,0.03933783919154399,-0.5803456704918366,0.5457216905651497
0.21576259877396708,1.0,-0.038478669309183644,7.063657053972765
-0.31583948372131165,1.0,1.0,15.727448458210949
-0.5605513352212825,0.3231706843591442,-0.7826065851579203,-0.4209001097692607
0.003713053246683806,0.8606783778214533,-0.8174215061552175,2.543480329767502
-0.35476942276550116,1.0,-1.0,0.6454482518295032
-0.7822367459578357,0.62407293402351,0.9870413745698428,5.47213165263574
1.0,0.5654623578474114,1.0,22.950211525354693
-0.275387182677165,-0.47239831125486687,-0.4823254349313426,1.0272015903285983
0.7126277915736252,-0.3700965435042838,0.34716446887647034,2.4881279893394255
0.2085504665132354,0.37855967983669503,1.0,1.8194836776661445
-0.3083298233723153,0.6021965029979903,0.049733956021626335,-0.2338104048872368
0.0922452870127135,-0.4450664965970317,1.0,-2.0455750390754055
0.044909586212138475,-1.0,0.8095653000848824,-3.0157041268666793
